1St Source,2Nd Source,3Rd Source,Alternative Name,Entity,Method of Leak,Records Lost,Sector,Source name,Story,Year
https://betanews.com/2017/03/06/river-city-media-spam-database-leak/,,,Spam operator,River City Media,Accidentally published,1370000000,Web,Beta News,"A dodgy backup has allegedly resulted in over a billion leaked email addresses, plus other personal info in some cases, and has exposed RCM's business plans & operations.",2017
http://www.tribuneindia.com/news/nation/rs-500-10-minutes-and-you-have-access-to-billion-aadhaar-details/523361.html,http://www.livemint.com/Opinion/MUPJK28VMeoICzl1whSBrJ/Clearing-the-air-on-Aadhaar-data-breach.html,,Aadhaar data base,Unique Identification Authority of India,Poor security,1000000000,Government,,"A report says that full data base has been exposed. Aadhaar is the unique identity number of India, including biometric data. Persons with unauthorized access were selling access to data base. The authority UIAI currently denies breach, but they talk on unauthorized access",2017
https://www.theguardian.com/technology/2017/aug/30/spambot-leaks-700m-email-addresses-huge-data-breach-passwords,,,,Spambot,Poor security,711000000,Web,The Guardian,"A misconfigured spambot has leaked over 700m records, although many of them are likely to be fake or repeated accounts.",2017
http://www.zdnet.com/article/adultfriendfinder-network-hack-exposes-secrets-of-412-million-users/,https://www.leakedsource.com/blog/friendfinder,,"Parent company of Adult Friend Finder , Cams.com and Penthouse.com",Friend Finder Network,Hacked,412000000,Web,ZDNet / LeakedSource,"Usernames, email addresses, passwords for sites including Adult Friend Finder and Penthouse.com. Passwords encrypted, but LeakedSource claims to be able to crack 99% of them.",2016
https://www.consumer.ftc.gov/blog/2017/09/equifax-data-breach-what-do,,,,Equifax,Hacked,143000000,Financial,UK Gov,"If you have a credit report, there’s a good chance that you’re one of the 143 million American consumers whose sensitive personal information was exposed in a data breach at Equifax, one of the nation’s three major credit reporting agencies.",2017
http://www.zdnet.com/article/dailymotion-hack-exposes-millions-of-accounts/,,,Video sharing site,Dailymotion,Hacked,85200000,Web,ZDNet,"85.2m email addresses extracted, but only 18.3m had associated passwords.",2016
https://www.lowyat.net/2017/146339/46-2-million-mobile-phone-numbers-leaked-from-2014-data-breach/,,,,Malaysian telcos & MVNOs,Hacked,46200000,Telecoms,LowYat,"Oct. Data from numerous Malaysian telco & MVNO providers, including Celcom, Digi, Umobile, Maxis, Friendi, Merchantrade Asia, Tunetalk, Redtone, XOX, Altel, PLDT & EnablingAsia has been leaked.",2014
https://techcrunch.com/2016/10/20/weebly-Hacking-43-million-credentials-stolen/,,,,Weebly,Hacked,43000000,Web,Tech Crunch,"Feb. Usernames, passwords and IP addresses stolen, although passwords secured with bcrypt.",2016
https://www.cnet.com/news/yahoo-says-forged-cookie-attack-accessed-about-32m-accounts/,,,,Yahoo,Hacked,32000000,Web,CNet,User accounts have been hacked using forged cookies to log in without a password over a 2 year period.,2016
http://www.zdnet.com/article/popular-virtual-keyboard-leaks-31-million-user-data/,,,,Al.type,Poor security,31293959,App,ZDNet,Dec. The app's developer failed to secure the database server.,2017
http://money.cnn.com/2017/05/18/technology/zomato-user-information-stolen/index.html,,,Restaurants & events,Zomato,Hacked,17000000,Web,HackRead,The hacker is selling the stolen dataset for around $1000.,2017
http://venturebeat.com/2016/08/02/hackers-break-into-telegram-revealing-15-million-users-phone-numbers/,,,Instant messaging service,Telegram,Hacked,15000000,Tech,Venture Beat,"Despite Telegram's claims of super security, they've been hacked by a group called Rocket Kitten.",2016
http://www.nytimes.com/2016/07/29/world/asia/north-korea-hacking-interpark.html,,,,Interpark,Hacked,10000000,Web,NY times,July. South Korean police are blaming North Korea for stealing data in an attempt to obtain foreign currency.,2016
https://www.neowin.net/news/microsoft-owned-linkedin-is-sending-emails-to-users-about-a-lyndacom-data-breach,,,Owned by LinkedIn,Lynda.com,Hacked,9500000,Web,Neowin,"Hackers breached a database that held records of contact info and courses viewed. No official statement yet on how many records were actually stolen, and no evidence yet of them having been published anywhere.",2016
http://www.digitaltrends.com/computing/clixsense-Hacking/,,,,ClixSense,Hacked,6600000,Web,Digital trends,"Sept. The information stolen contains usernames, passwords, home addresses, payment histories, and other banking details.",2016
https://www.theverge.com/2017/9/1/16244304/instagram-hack-api-bug-doxagram-selena-gomez,,,,Instagram,Hacked,6000000,Web,The Verge,"A bug exposed user's contact information. Instagram initially said it affected only verified accounts, but has now admitted non-verified users were also affected. Instagram hasn't confirmed numbers, but hackers say they have info from 6m accounts.",2017
https://techcrunch.com/2016/07/29/clinton-campaign-reportedly-breached-by-hackers/,,,,Clinton campaign,Hacked,5000000,Government,Tech Crunch,,2016
http://www.scmp.com/news/hong-kong/politics/article/2082566/laptops-containing-37-million-hong-kong-voters-data-stolen,,,,Hong Kong Registration & Electoral Office,Lost / stolen device or media,3700000,Government,SCMP,The personal information of the city’s 3.7 million voters was possibly compromised after the Registration and Electoral Office reported two laptop computers went missing at its backup venue for the chief executive election.,2017
http://motherboard.vice.com/read/hacker-steals-900-gb-of-cellebrite-data,,,,Cellebrite,Hacked,3000000,Tech,Motherboard,"Cellebrite's main product is a device that rips data from mobile phones. 900GB of data was stolen from Cellebrite. The hackers got hacked. The number of records taken is unknown. 
",2017
https://thehackernews.com/2017/09/viacom-amazon-server.html,,,,Viacom,Hacked,3000000,Web,The Hacker News,A misconfigured Amazon Web Server S3 cloud storage bucket was left wide open and public facing.,2017
http://www.ibtimes.co.uk/cex-hack-2-million-customers-personal-data-compromised-massive-security-breach-1637174,,,,CEX,Accidentally published,2000000,Retail,The Guardian,"A misconfigured spambot leaked full contact info & financial details, although the newest financial data dates to 2009.",2017
http://www.cbc.ca/beta/news/technology/bell-data-breach-customer-names-phone-numbers-emails-leak-1.4116608,,,,Bell,Hacked,1900000,Telecoms,CBC,Somebody claiming to be behind the attack has threatened Bell with more leaks if they don't cooporate.,2017
http://www.bgr.in/news/indian-hacker-group-leaks-data-of-1-7-million-snapchat-users-after-ceos-poor-country-comments-report/,,,,Snapchat,Hacked,1700000,App,BGR,Apr. Indian hackers apparently leaked data they stole last year in response to Snapchat CEO allegedly stating they had no plans to expand to 'poor countries' like India. Snapchat have yet to confirm any leak.,2016
https://www.bleepingcomputer.com/news/security/paypal-says-1-6-million-customer-details-stolen-in-breach-at-canadian-subsidiary/,,,Owned by Paypal,TIO Networks,Hacked,1600000,Financial,Bleeping Computer,The company has not revealed what type of information was stolen.,2017
https://motherboard.vice.com/en_us/article/pgkp57/a-teen-hacker-is-targeting-russian-sites-as-revenge-for-the-mh17-crash,,,News site and email provider,KM.ru,Hacked,1500000,Web,Motherboard,"A teen hacker has randomly hacked several Russian websites. In a statement, he claims the hack was revenge for the MH17 crash. The companies affected have not commented, however Troy Hunt, a security researcher, has confirmed its legit. Nival and KM.ru were both hacked.",2016
https://motherboard.vice.com/en_us/article/pgkp57/a-teen-hacker-is-targeting-russian-sites-as-revenge-for-the-mh17-crash,,,Videogame maker,Nival,Hacked,1500000,Web,Motherboard,"A teen hacker has randomly hacked several Russian websites. In a statement, he claims the hack was revenge for the MH17 crash. The companies affected have not commented, however Troy Hunt, a security researcher, has confirmed its legit. Nival and KM.ru were both hacked.",2016
https://www.databreaches.net/waterly-app-potentially-exposed-up-to-1-million-israelis-details-researcher/,,,App for paying water bills,Waterly,Poor security,1000000,App,Data Breaches,Jan 2017. Israel-based app contained a vulnerability in the sign-in process that could potentially expose user account details. The problem was fixed within 2 weeks of being identifiied.,2017
http://motherboard.vice.com/read/nearly-800000-brazzers-porn-site-accounts-exposed-in-forum-hack,,,Porn site,Brazzers,Hacked,790724,Web,Motherboard,"Sept. 'The data contains 790,724 unique email addresses, and also includes usernames and plaintext passwords. (The set has 928,072 entries in all, but many are duplicates.'",2016
http://www.zdnet.com/article/font-sharing-site-dafont-Hacking-thousands-of-accounts-stolen/,,,Font sharing site,DaFont,Hacked,700000,Web,ZD Net,"May. Apparently the hacker found out others were selling the site's database, so he decided to get in on the action himself.",2017
http://www.abc.net.au/news/2016-10-28/red-cross-blood-service-admits-to-data-breach/7974036,,,,Red Cross Blood Service,Accidentally published,550000,Healthcare,ABC News,Info leaked includes data about 'at risk sexual behaviours',2016
https://thehackernews.com/2017/09/hacker-track-car.html,,,Vehicle tracking,SVR Tracking,Poor security,540000,App,The Hacker News,"The leaked passwords were stored using SHA-1, a weak 20yr old hash program.",2017
http://www.bbc.co.uk/news/technology-38350987,,,,PayAsUGym,Hacked,300000,Web,BBC News,Dec. Fitness website hacked & email address published online.,2016
https://www.theguardian.com/business/2017/apr/09/wonga-data-breach-could-affect-250000-uk-customers?CMP=Share_iOSApp_Other,,,,Wonga,Hacked,270000,Financial,The Guardian,Apr. Customers from the UK and Poland look to have been affected.,2017
http://www.threemediacentre.co.uk/news/2017/handsetfraud-update.aspx,,,Three mobile company in the UK,Three,Hacked,200000,Telecoms,Three,"Hackers broke into Three's customer database with the intention of fraudulently ordering handsets to sell on. They stole personal details, but no financial records or passwords were stored on the hacked system.",2016
https://www.lowyat.net/2017/146339/46-2-million-mobile-phone-numbers-leaked-from-2014-data-breach/,,,,Malaysian medical practitioners,Hacked,81309,Healthcare,LowYat,"Oct. Databases belonging to the Malaysian Medical Council (MMC), the Malaysian Medical Association (MMA), and the Malaysian Dental Association (MDA) have been leaked.",2015
https://forums.oneplus.net/threads/jan-19-update-an-update-on-credit-card-security.752415/,https://www.forbes.com/sites/thomasbrewster/2018/01/19/oneplus-hacked-40000-credit-card-data-theft/#17ed1f8277ad,,Smartphone manufacturer,OnePlus,Hacked,40000,Telecoms,OnePlus,"One of the systems was attacked, and a malicious script was injected into the payment page code to sniff out credit card info while it was being entered",2017
http://newsroom.questdiagnostics.com/2016-12-12-Quest-Diagnostics-Provides-Notice-of-Data-Security-Incident#assets_129,,,,Quest Diagnostics,Hacked,34000,Healthcare,Newsroom,"Nov. The stolen data contained names, DOBs, lab results and some telephone numbers.",2016
http://motherboard.vice.com/read/427-million-myspace-passwords-emails-data-breach,,,,MySpace,Hacked,164000000,Web,Motherboard,"The same hacker who was selling LinkedIn user data now claims to have MySpace user data too, and lots of it.",2016
http://motherboard.vice.com/read/another-day-another-hack-100-million-accounts-for-vk-russias-facebook,,,Video sharing site,VK,Hacked,100544934,Web,Motherboard,"Over 100m user accounts were hacked and the data put up for sale online. A VK spokesperson has denied that the site was breached, claiming the data for sale is old details no longer in use.",2016
http://www.anthemfacts.com/faq,,,Second-largest health insurer in the US,Anthem,Hacked,80000000,Healthcare,Anthem Facts,"Feb 2015: Names, dates of birth, member ID/ social security numbers, addresses, phone numbers, email addresses and employment information.",2015
https://www.bbc.co.uk/news/amp/technology-42075306,,,,Uber,Hacked,57000000,App,BBC,"Uber paid the hackers $100,000 to delete the stolen data. Chief security officer Joe Sullivan has resigned.",2016
http://www.wired.co.uk/article/philippines-data-breach-fingerprint-data,,,COMELEC,Philippines’ Commission on Elections,Hacked,55000000,Government,Trend Micro,"After a message was posted on the COMELEC website by hackers from Anonymous, warning the government not to mess with the elections, the entire database was stolen and posted online.",2016
http://www.businessinsider.com/turkish-citizenship-database-allegedly-Hacking-and-leaked-2016-4?r=UK&IR=T,,,,Turkish citizenship database,Hacked,49611709,Government,Business Insider,Turkish citizenship database has allegedly been hacked and leaked online.,2016
https://www.europol.europa.eu/iocta/2016/data-breach.html,,,Dating site,Fling,Hacked,40000000,Web,Europol,"A hacker claims to be selling info on sexual desires & preferences, as well as generic personal info, stolen from the dating site Fling.",2016
http://www.zdnet.com/article/over-25-million-accounts-stolen-after-mail-ru-forums-raided-by-hackers/,,,Game-related forums,Mail. ru,Hacked,25000000,Web,ZD Net,Two hackers attacked three game-related forums hosted by Russian company Mail.ru.,2016
http://panamapapers.sueddeutsche.de/articles/56febff0a1bb8d3c3495adf4/,,,Panamanian law firm,Mossack Fonseca,Hacked,11500000,Legal,PanamaPapers,"2.6TB of data on politicians, criminals, professional athletes etc leaked from law firm Mossack Fonseca, including emails, contracts, scanned documents, transcripts...",2016
http://motherboard.vice.com/read/another-day-another-hack-7-million-emails-and-hashed-passwords-for-minecraft,,,Lifeboat' community,Minecraft,Hacked,7000000,Web,Motherboard,Players using the Lifeboat servers have had their email addresses and passwords leaked.,2016
http://www.shareconference.net/en/defense/personal-data-more-5-million-citizens-serbia-unlawfully-published,,,,Privatization Agency of the Republic of Serbia,Accidentally published,5190396,Government,Share Conference,A text file with personal data and financial documents were made publically available on their website.,2014
https://www.healthcare-informatics.com/news-item/cybersecurity/breaking-massive-cyber-attack-banner-health-affects-37m-individuals,,,,Banner Health,Hacked,3700000,Healthcare,Banner Health,Hackers gained access to payment card data via food outlets at Banner Health locations.,2016
https://thestack.com/security/2016/06/29/2-million-person-terror-database-leaked-online/,,,Run by Thompson Reuters,World Check,Poor security,2200000,Media,The Stack,"2014 version of World-Check, a database of suspected terrorists and criminals, leaked online. It's unclear what data the records include.",2016
http://betanews.com/2016/07/15/ubuntu-linux-forums-Hacking/,,,,Linux Ubuntu forums,Hacked,2000000,Web,Beta News,,2016
http://news.softpedia.com/news/syrian-government-Hacking-43-gb-of-data-spilled-online-by-hacktivists-502765.shtml,,,,Syrian government,Hacked,274477,Government,Softpedia,"Hacking outfit calling itself 'Cyber Justice Team' leaked 10GB of data from the government and private websites. Seems to be just data from old leaks, though.",2016
http://www.bbc.co.uk/news/world-europe-36645519,,,French police health insurance,Mutuelle Generale de la Police,Inside job,112000,Healthcare,BBC News,Files uploaded to Google Drive by a 'malicious' employee. Data included home addresses. The leak came two weeks after a French police officer was murdered by ISIS-inspired attack.,2016
https://torrentfreak.com/utorrent-forums-Hacking-passwords-compromised-160608/,,,,uTorrent,Hacked,35000,Web,Torrent Freak,"It's unclear what data has been breached, exactly, but uTorrent has advised passwords are probably compromised.",2016
https://www.wendys.com/en-us/about-wendys/the-wendys-company-updates,,,Restaurant chain,Wendy's,Hacked,1025,Retail,ABC News,Malware has been used in 1025 of Wendy's restaurants to steal credit card data from customers. It's currently unknown how many individuals have been impacted.,2016
http://uk.reuters.com/article/us-usa-voters-breach-idUKKBN0UB1E020151229,https://www.upguard.com/breaches/the-rnc-files,,,Deep Root Analytics,Poor security,198000000,Web,"Reuters, UpGuard",A database of 198 million US voters has been exposed as a result of incorrect configuration.,2015
https://theintercept.com/2015/11/11/securus-hack-prison-phone-company-exposes-thousands-of-calls-lawyers-and-clients/,,,Prison phone service provider,Securus Technologies,Hacked,70000000,Web,The Intercept,"Anonymous hacker leaked records of over 70m phone calls, plus links to recordings. Recording/storing attorney-client calls potentially violates constitutional protections.",2015
http://krebsonsecurity.com/2015/07/online-cheating-site-ashleymadison-Hacking/,,,US ex-marital affairs site,AshleyMadison.com,Hacked,37000000,Web,Krebs on Security,"20th July 2015: DEVELOPING: Online hookup site for extra-marital affairs has been severely breached and the personal details of 37m users, as well as company financial records, threatened with release. Notorious hacking outfit The Impact Team has claimed responsibility. The hackers are demanding the shutdown of AM.com and other associated sites.",2015
http://www.bbc.co.uk/news/world-us-canada-33120405,http://www.reuters.com/article/2015/07/09/us-cybersecurity-usa-idUSKCN0PJ2M420150709?feedType=RSS&feedName=topNews&utm_source=twitter,,,US Office of Personnel Management (2nd Breach),Hacked,21500000,Government,BBC News,"attackers have targeted the forms submitted by intelligence and military personnel for security clearances. The document includes personal information - everything from eye colour, to financial history, to past substance abuse, as well as contact details for the individual's friends and relatives",2015
http://www.reuters.com/article/2015/10/02/us-tmobile-dataprotection-idUSKCN0RV5PL20151002,,,,Experian / T-mobile,Hacked,15000000,Web,Reuters,"The world's biggest data monitoring firm disclosed a massive breach of customers who applied for service with T-Mobile. Names, addresses, birth dates, Social Security numbers, drivers license numbers and passport numbers.",2015
https://thestack.com/security/2015/12/15/mackeeper-discloses-13-million-mac-users-details-with-poor-hash-protection/,https://www.reddit.com/r/apple/comments/3wq9fc/massive_data_breach/,,MacKeeper software,Kromtech,Hacked,13000000,Web,The Stack,"A security researcher stumbled on a leak, which exposed usernames, email addresses and passwords of users. He notified Kromtech, who patched it quickly.",2015
http://www.theguardian.com/technology/2015/dec/02/vtech-hack-us-hong-kong-investigate-children-exposed,http://www.troyhunt.com/2015/11/when-children-are-breached-inside.html,,Toymaker company,VTech,Hacked,6400000,Web,The Guardian,"Software used to download games to children's computer tablets was hacked, with personal info and photos stolen.",2015
http://www.washingtonpost.com/world/national-security/chinese-hackers-breach-federal-governments-personnel-office/2015/06/04/889c0e52-0af7-11e5-95fd-d580f1c5d44e_story.html?tid=hpModule_04941f10-8a79-11e2-98d9-3012c1cd8d1e,,,,US Office of Personnel Management,Hacked,4000000,Government,Washington Post,"The intruders... gained access to...employees’ Social Security numbers, job assignments, performance ratings and training information",2015
http://www.channel4.com/news/adult-friendfinder-dating-hack-internet-dark-web,,,Internet dating & hookup site,Adult Friend Finder,Hacked,3900000,Web,Channel 4,"Sexual preferences, names, email addresses, usernames, dates of birth, postal codes",2015
http://www.csoonline.com/article/3017171/security/database-leak-exposes-3-3-million-hello-kitty-fans.html,,,Hello Kitty and other franchises,Sanrio,Poor security,3300000,Web,CSO Online,"Security researcher was able to access a database of 3.3m of Sanrio's Sanriotown.com accounts, with links to other Sanrio Hello Kitty portals.",2015
https://www.thelocal.se/20170717/swedish-authority-handed-over-keys-to-the-kingdom-in-it-security-slip-up,,,,Swedish Transport Agency,Poor security,3000000,Government,The Local,"Information about all vehicles in the country (including military and police), made available to IT workers who hadn't been through usual security checks. The question of whether or not Sweden's national security was harmed is censored in the Säpo (Sweden's security police) report.",2015
http://www.theguardian.com/technology/2015/aug/10/carphone-warehouse-uk-data-watchdog-investigating-customer-hack,,,UK mobile phone supplier,CarPhone Warehouse,Hacked,2700000,Web,The Guardian,,2015
http://carefirstanswers.com/,,,"Blue Cross, Blue Shield US medical insurer",Carefirst,Hacked,1100000,Healthcare,Carefirst,Attacked happened in June 2014. Was announced in June 2015.,2015
http://www.theguardian.com/world/2015/mar/30/personal-details-of-world-leaders-accidentally-revealed-by-g20-organisers,,,,Australian Immigration Department,Accidentally published,500000,Government,The Guardian,"An employee of the agency inadvertently sent the passport numbers, visa details and other personal identifiers of all world leaders attending the G20 Brisbane summit to the organisers of the Asian Cup football tournament. Barack Obama, Vladimir Putin, Angela Merkel, Xi Jinping, Narendra Modi, David Cameron and many others.",2015
http://www.theguardian.com/business/2015/mar/29/british-airways-frequent-flyer-accounts-Hacking,,,British Airways Frequent flyer accounts,British Airways,Hacked,500000,Retail,The Guardian,,2015
http://www.theguardian.com/technology/2015/jul/06/hacking-team-Hacking-firm-sold-spying-tools-to-repressive-regimes-documents-claim,,,,Hacking Team,Hacked,500000,Web,The Guardian,"Italian cybersecurity firm sells digital surveillance software to law enforcement and national security organisations. 400 GB of documents - including software source code, private messages & client databases - has been stolen and put online  via BitTorrent. The documents show the company has sold products to repressive regimes.",2015
https://techcrunch.com/2015/03/27/slack-got-hacked/,,,Software for remote working,Slack,Hacked,500000,Tech,Tech Crunch,,2015
http://krebsonsecurity.com/2015/05/mobile-spy-software-maker-mspy-Hacking-customer-data-leaked/,,,Kid & partner tracking service,MSpy,Hacked,400000,Tech,Krebs on Security,"Data dump to the dark web includes Apple IDs and passwords, tracking data, and payment details on some 145,000 successful transactions, photos and very private conversations.",2015
https://threatpost.com/leaky-rootsweb-server-exposes-some-ancestry-com-user-data/129248/,,,,RootsWeb,Poor security,300000,Web,Threat Post,"Nov. Ancestry.com's community-driven site RootsWeb was exposed after passwords, email addresses and usernames were leaked from the server.",2015
http://www.bbc.co.uk/news/uk-34784980,http://www.bbc.co.uk/news/uk-34611857,http://www.theguardian.com/business/2015/oct/22/talktalk-customer-data-hackers-website-credit-card-details-attack,Telecoms provider,TalkTalk,Hacked,157000,Web,BBC News,"157k customers had personal details stolen, including 15,600 account numbers.",2015
http://money.cnn.com/2015/05/26/pf/taxes/irs-website-data-hack/index.html,,,US Tax service,IRS,Hacked,100000,Government,CNN,"An unnamed cybermafia used an IRS app to download forms full of personal information. They posed as legitimate taxpayers, and tried to download forms on 200,000 people between February and May. They got away with half of them, the IRS said. The crooks used about 15,000 of them to claim tax refunds in other people's names.",2015
http://www.latimes.com/business/technology/la-fi-tn-uber-data-breach-20150227-story.html,,,,Uber,Poor security,50000,App,Uber,"Occured Sep 2014. Revealed Feb 2015. Names & license plates of 50,000 driver partners.",2015
http://www.dailydot.com/politics/invest-bank-hacker-buba/,,,United Arab Emirates bank,Invest Bank,Hacked,40000,Financial,Daily Dot,"Hacker breached a United Arab Emirates bank, demanding a ransom of $3m in bitcoin to stop tweeting data, mostly about corporate accounts. The hacker dumped files on the website of a basketball team, which he hacked for storage. The bank, Invest Bank, won't pay the ransom.",2015
http://uk.businessinsider.com/yahoo-hack-by-state-sponsored-actor-biggest-of-all-time-2016-9?r=US&IR=T,,,,Yahoo,Hacked,500000000,Web,Business Insider,"Happened in 2014, but no. records stolen was originally thought to be much smaller. Yahoo recently revealed the real numbers.",2014
http://articles.chicagotribune.com/2014-05-22/business/sns-rt-us-ebay-password-20140521_1_passwords-hackers-rapid7,,,,Ebay,Hacked,145000000,Web,Chicago Tribune,The company has said hackers attacked between late February and early March with login credentials obtained from “a small number” of employees. They then accessed a database containing all user records and copied “a large part” of those credentials.,2014
http://dealbook.nytimes.com/2014/10/02/jpmorgan-discovers-further-cyber-security-issues/?_php=true&_type=blogs&_r=0,,,,JP Morgan Chase,Hacked,76000000,Financial,Deal Book,"July 2014: The US's largest bank was compromised by hackers, stealing names, addresses, phone numbers and emails of account holders. The hack began in June but was not discovered until July, when the hackers had already obtained the highest level of administrative privilege to dozens of the bank’s computer servers.",2014
"http://www.chicagotribune.com/news/sns-rt-us-target-breach-20131218,0,3434295.story",http://www.huffingtonpost.com/2013/12/19/target-hacked-customer-credit-card-data-accessed_n_4471672.html?utm_hp_ref=mostpopular,http://techcrunch.com/2014/01/10/targets-data-breach-gets-worse-70-million-customers-had-info-stolen-including-names-emails-and-phones/?utm_source=feedburner&utm_medium=feed&utm_campaign=Feed%3A+Techcrunch+%28TechCrunch%29&utm_content=Netvibes,,Target,Hacked,70000000,Retail,Chicago Tribune,Investigators believe the data was obtained via software installed on machines that customers use to swipe magnetic strips on their cards when paying for merchandise at Target stores. Originally 40m customers. Now 70m!,2014
http://krebsonsecurity.com/2014/09/banks-credit-card-breach-at-home-depot/,,,,Home Depot,Hacked,56000000,Retail,Krebs on Security,"Malware installed on cash register system across 2,200 stores syphoned credit card details of up to 56 million customers. May be the same group of Russian and Ukrainian hackers responsible for the data breaches at Target, Sally Beauty and P.F. Chang’s, among others",2014
http://www.securityweek.com/20-million-people-fall-victim-south-korea-data-leak,,,,Korea Credit Bureau,Inside job,20000000,Financial,Security Week,,2014
https://www.huffingtonpost.com/2015/03/17/premera-blue-cross-cybera_n_6890194.html,,,US healthcare provider,Premera,Hacked,11000000,Healthcare,Premera,"Detected 29th Jan 2015. Occured May 2014. Could include names, date of birth, email address, address, telephone number, Social Security number, member identification numbers, bank account information, and claims information, including clinical information",2014
http://www.buzzfeed.com/tomgara/sony-hack,,,,Sony Pictures,Hacked,10000000,Media,Buzzfeed,"Wide-ranging hack of potentially every piece of data held by the company, including: unreleased films & scripts, employee social security numbers, salaries and health check results, as well as sensitive internal business documents relating to lay-offs, restructures and executive salaries. Lead suspects are North Korean hackers perhaps related to the Seth Rogen film, The Interview which mocks the North Korean dictator, Kim Jong Un.",2014
http://blog.twitch.tv/2015/03/important-notice-about-your-twitch-account/,,,Gaming site,Twitch.tv,Hacked,10000000,Gaming,Twitch,March 23rd. Details unknown at this point. All Twitch's 10 million users have been requested to change their passwords.,2014
http://thenextweb.com/google/2014/09/10/4-93-million-gmail-usernames-passwords-published-google-says-evidence-systems-compromised/,,,,Gmail*,Hacked,5000000,Web,The Next Web,"5 million Gmail account passwords leaked to a forum, alongside passwords from other email providers. Close inspection revealed the user details to be old (3+ years). Multiple individual targeted hacks of third party websites where people used their Gmail IDs, rather than one big dataleak, suspected to be the method. Gmail itself was not hacked.",2014
http://money.cnn.com/2014/08/18/technology/security/hospital-chs-hack/,,,,Community Health Systems,Hacked,4500000,Healthcare,CNN,"Aug 2014: Community Health Systems, which operates 206 hospitals across the US, had patient data from the last 5 years breached. Details included names, addresses, social security numbers. Suspected chinese hackers were thought responsible. Goal: identity theft.",2014
http://www.cityam.com/1406190300/ecb-website-Hacking,,,,European Central Bank,Hacked,4000000,Financial,City am,,2014
http://time.com/3151681/ups-hack/,,,,UPS,Hacked,4000000,Retail,Time,Malware was discovered in the credit & debit card processing systems at 51 branches in 24 states.,2014
http://www.reuters.com/article/us-hsbc-turkey-cybersecurity/hsbc-turkey-says-customer-credit-card-data-stolen-idUSKCN0IW1RR20141112,,,,HSBC Turkey,Hacked,2700000,Financial,Reuters,"In a message to customers on its website, the bank said an attack on its credit card and debit card systems in Turkey had been thwarted but card numbers, account numbers, card expiry dates and customer names had been compromised.",2014
http://blog.aol.com/2014/04/28/aol-security-update/,,,,AOL,Hacked,2400000,Web,AOL,,2014
https://blog.imgur.com/2017/11/24/notice-of-data-breach/,,,,Imgur,Hacked,1700000,App,Imgur,"Imgur are still investigating how the breach took place. The data was stolen in 2014, but Imgur claim they only discovered it in Nov 2017.",2014
http://fortune.com/2014/12/19/staples-cards-affected-breach/,,,,Staples,Hacked,1160000,Retail,Fortune,,2014
http://www.nytimes.com/2014/01/24/business/neiman-marcus-breach-affected-1-1-million-cards.html,http://krebsonsecurity.com/2014/08/stealthy-razor-thin-atm-insert-skimmers/,,US retailer,Neiman Marcus,Hacked,1100000,Retail,NY Times,,2014
http://www.usatoday.com/story/cybertruth/2013/09/26/lexisnexis-dunn--bradstreet-altegrity-Hacking/2878769/,http://www.reuters.com/article/2013/09/26/us-cyberattacks-databrokers-idUSBRE98P03220130926,http://www.bbc.co.uk/news/technology-24284277,,"D&B, Altegrity",Hacked,1000000,Tech,"USA Today, Reuters, BBC News","Hackers stole millions of social security numbers from large US data brokers Dun & Bradstreet Corp and Kroll Background America Inc, owned by Altegrity. Correction 7 Jan 2015: we previously stated that records were stolen from LexisNexis. LexisNexis conducted a thorough investigation of the malware intrusion and found no evidence that the malware accessed or stole any customer or consumer data.",2014
http://www.wired.co.uk/news/archive/2013-11/13/mac-rumours-forums-Hacking,,,,MacRumours.com,Hacked,860000,Web,Wired,,2014
http://online.wsj.com/articles/japan-airlines-reports-hacker-attack-1412053828,http://www.jal.co.jp/en/info/other/140924.html,,,Japan Airlines,Hacked,750000,Transport,WSJ,"Oct 2014: Japan Airlines confirmed the possible theft of information from up to around 750,000 frequent-flier programme members. Data that may have been stolen included names, genders, birth dates, addresses, email addresses and places of work.",2014
http://www.theguardian.com/technology/2014/jun/16/dominos-pizza-ransom-hack-data,,,,Dominios Pizzas (France),Hacked,600000,Web,The Guardian,,2014
http://www.reuters.com/article/2013/07/18/net-us-nasdaq-cybercrime-website-idUSBRE96H1F520130718,,,Nasdaq OMX Group,NASDAQ,Hacked,500000,Financial,Reuters,"Nasdaq forum website hacked by hacking ring, email addresses and passwords compromised",2014
http://www.theguardian.com/technology/2014/aug/05/mozilla-leak-developer-email-addresses-passwords-firefox,,,,Mozilla,Poor security,76000,Web,The Guardian,,2014
https://medium.com/@vijayp/f6bc289679a1,,,,New York Taxis,Poor security,52000,Transport,Medium,"A freedom of information request resulted in the release of data on all 173 million journeys undertaken by New York taxis in one year. Unfortunately, the data was incorrectly anonymised and relatively easy to decode, revealing the driver IDs, pickup & dropoff times, and GPS routes taken for every single cab journey.",2014
http://www.nytimes.com/2016/12/14/technology/yahoo-hack.html?action=Click&contentCollection=BreakingNews&contentID=64651831&pgtype=Homepage&_r=0,,,,Yahoo,Hacked,1000000000,Web,NY Times,"Happened in 2013 but only disclosed late 2016. Data included names, telephone numbers, DOBs, passwords and security questions.",2013
https://motherboard.vice.com/read/hackers-stole-68-million-passwords-from-tumblr-new-analysis-reveals,,,,Tumblr,Hacked,65000000,Web,Motherboard,"Tumblr apparently only just found out about a 2013 data breach, affecting 65m users.",2013
http://forums.ubi.com/forumdisplay.php/495-Security-update-regarding-your-Ubisoft-account-please-create-a-new-password,,,games company,UbiSoft,Hacked,58000000,Gaming,UBI,,2013
http://www.wired.co.uk/news/archive/2013-03/04/evernote-Hacking,http://www.digitaltrends.com/mobile/evernote-hack-50-million-users-forced-to-reset-passwords/,,online note-taking site,Evernote,Hacked,50000000,Web,"Wired, Digital Trends","Evernote asked its 50 million users to reset their passwords following an attempt to hack the note-taking network. The company said it’d found no evidence that any payment information for Evernote Premium or Evernote Business customers had been accessed, nor was there any indication that content stored by users had been accessed, changed or lost.",2013
http://nakedsecurity.sophos.com/2013/04/27/livingsocial-Hacking-50-million-affected/,http://bits.blogs.nytimes.com/2013/04/26/living-social-hack-exposes-data-for-50-million-customers/,,Special offers website,Living Social,Hacked,50000000,Web,"Naked Security, New York Times","Online criminals gained access to user names, e-mail addresses, dates of birth & encrypted passwords for 50 million people. Databases storing financial information were not compromised in the attack, the company said.",2013
http://helpx.adobe.com/x-productkb/policy-pricing/customer-alert.html,http://www.zdnet.com/adobe-admits-2-9m-customer-accounts-have-been-compromised-7000021546/,http://krebsonsecurity.com/2013/10/adobe-breach-impacted-at-least-38-million-users/,,Adobe,Hacked,36000000,Tech,Adobe,"Sep 17th 2013. Hackers obtained access to a large swathe of Adobe customer IDs and encrypted passwords & removed sensitive information (i.e. names, encrypted credit or debit card numbers, expiration dates, etc.). Approximately 36 million Adobe customers were involved: 3.1 million whose credit or debit card information was taken and nearly 33 million active users whose current, encrypted passwords were in the database taken. Correction Jan 2015: we previously reported 152m records were taking, but the remainder affected invalid, inactive, test accounts or had out-of-date passwords associated with them.",2013
http://www.reuters.com/article/2013/05/17/us-yahoojapan-idUSBRE94G0P620130517,,,,Yahoo Japan,Hacked,22000000,Web,Reuters,22 million Yahoo user IDs may have been leaked after Yahoo detected an unauthorized attempt to access the administrative system of its web portal Yahoo Japan. The leaked information did not include passwords and data necessary for identity verification to reset passwords.,2013
https://www.facebook.com/notes/facebook-security/important-message-from-facebooks-white-hat-program/10151437074840766,,,,Facebook,Accidentally published,6000000,Web,Facebook,"Using the network's Download Your Information tool, some Facebook members were inadvertently sent the phone numbers or email address of Facebook friends that were otherwise private. Facebook assured users that the bug was fixed within a day, and that there is no evidence that the information was used maliciously.",2013
http://www.forbes.com/sites/andygreenberg/2012/01/15/zappos-says-hackers-accessed-24-million-customers-account-details/,,,,SnapChat,Hacked,4700000,Web,Forbes,"31st Dec 2013. Hackers abused an exploit to syphon 4.7m user details, including phone numbers.  Check here to see if your account was compromised: http://lookup.gibsonsec.org/",2013
http://healthitsecurity.com/2013/08/27/advocate-medical-group-endures-massive-data-breach/,http://datalossdb.org/latest_incidents_remote_sync,,,Advocate Medical Group,Lost / stolen device or media,4000000,Healthcare,Health IT Security,"4,000,000 patient names, addresses, dates of birth, and Social Security numbers were contained in four computers stolen from an administrative building. Second biggest security breach ever reported to the Department of Health and Human Services (HHS).",2013
http://krebsonsecurity.com/2013/09/data-broker-giants-Hacking-by-id-theft-service/,,,,ssndob.ms,Hacked,4000000,Web,Krebs on Security,"SSNDOB was an underground identity theft service. Teenage hackers used it to collect data for exposed.su, a site that listed the SSNs, birthdays, phone numbers, current and previous addresses for dozens of top celebrities including Beyonce, Kanye West and Michelle Obama. In doing so they revealed SSNDOB had data on more than 4 million people.",2013
http://arstechnica.com/security/2013/07/hack-exposes-e-mail-addresses-password-data-for-2-million-ubuntu-forum-users/,,,"Discussion forum for the popular alternative, open-source operating system",Ubuntu,Hacked,2000000,Tech,Data Loss Database,July 2013: Discussion forum for the operating system was compromised leaking personal details and password. The passwords were cryptographically scrambled using the MD5 hashing algorithm - considered an inadequate means of protecting stored passwords by security experts.,2013
http://www.securityweek.com/attacker-steals-data-2-million-vodafone-germany-customers,,,,Vodafone,Inside job,2000000,Telecoms,Security Week,An IT contractor for the firm used his deep access to the telecom giant's system to copy customer names and bank account details.,2013
https://www.wikileaks.org/plusd/about/,,,Wikileaks,Kissinger Cables,Inside job,1700000,Government,Wikileaks,"More than 1.7 million US diplomatic records for the period 1973 to 1976, including intelligence reports and congressional correspondence.",2013
http://uk.businessinsider.com/snowden-leaks-timeline-2016-9,,,,National Security Agency,Inside job,1500000,Government,Business Insider,"Snowden downloaded up to 1.5 million files, then flew to Hong Kong to meet journalists Glenn Greenwald and Laura Poitras before fleeing to Moscow.",2013
http://www.europarl.europa.eu/sides/getDoc.do?pubRef=-//EP//TEXT+WQ+E-2013-001939+0+DOC+XML+V0//EN&language=nl,http://www.flanderstoday.eu/business/nmbs-data-leak-was-breach-privacy,,Belgian national railway operator,NMBS,Accidentally published,1460000,Transport,European Parliament,"Data stored on a non-secure server, making it possible to access names, gender, DOB, email and postal address data of customers externally by means of a simple search engine query. Most of the data belong to customers in Belgium, France and the UK, including thousands of Commission and Parliament employees.  Caused, the NMBS said, by a data worker “clicking on the wrong button”.",2013
http://arstechnica.com/security/2013/05/drupal-org-resets-login-credentials-after-hack-exposes-password-data/,,,Open-source content management platform,Drupal,Hacked,1000000,Web,Ars Technica,"Malicious files placed on association.drupal.org servers via a 3rd-party application. Exposed usernames, e-mail addresses, country information, and cryptographically hashed passwords.",2013
http://status.ovh.net/?do=details&id=5070,,,French Internet host,OVH,Hacked,500000,Web,OVH,,2013
http://nakedsecurity.sophos.com/2013/04/05/scribd-worlds-largest-online-library-admits-to-network-intrusion-password-breach/,http://www.nbcnews.com/technology/scribd-hack-exposes-thousands-users-1B9239618,,World's largest online library,Scribd,Hacked,500000,Web,"Naked Security, NBC News",Hack resulted in a few hundred thousand stolen passwords.,2013
http://www.guardian.co.uk/technology/2013/jul/22/apple-developer-site-Hacking,,,,Apple,Hacked,275000,Tech,The Guardian,"Developer portal hacked. Some information about 275,000 3rd-party developers potentially stolen.",2013
https://www.cnn.com/2013/02/01/tech/social-media/twitter-hacked/index.html,,,,Twitter,Hacked,250000,Web,Wired,"Hackers had access to limited user information -- usernames, email addresses, session tokens and encrypted/salted versions of passwords -- for approximately 250,000 users.",2013
http://www.joystiq.com/2013/07/05/club-nintendo-japan-Hacking/,,,Japan's Club Nintendo service,Nintendo,Hacked,240000,Gaming,JoyStiq,"Japan's Club Nintendo service was hacked following thousands of unauthorized accesses. Customer information compromised in the attack includes full names, phone numbers, home and email addresses.",2013
http://boingboing.net/2013/05/23/terracom-and-yourtel-threaten.html,http://www.wired.co.uk/news/archive/2013-05/23/reporter-google-breach-hacker,,,TerraCom & YourTel,Accidentally published,170000,Telecoms,"Boing Boing, Wired","The telecom firms TerraCom and YourTel have branded reporters for Scripps News as hackers after journalists discovered that the personal data of over 170,000 customers - including social security numbers and other identifying data that could be used for identity theft - were sitting on a publicly accessible server.",2013
http://www.reuters.com/article/2013/05/09/us-usa-hack-washingtonstate-idUSBRE9480YY20130509,http://www.privacyrights.org/data-breach,,Administrative offices,Washington State court system,Hacked,160000,Government,"Reuters, Privacy Rights","Up to 160,000 Social Security numbers and a million driver's license numbers may have been accessed by hackers exploiting old versions of Adobe Cold Fusion software on the server.",2013
http://news.softpedia.com/news/Citi-Exposes-Details-of-150-000-Individuals-Who-Went-into-Bankruptcy-369979.shtml,,,,Citigroup,Accidentally published,150000,Financial,Softpedia,"Third big data breach from Citigroup.The personal information of 150,000 consumers who went into bankruptcy between 2007 and 2011 – including their social security numbers – were exposed after Citi failed to properly redact court records before they were put on the Public Access to Court Electronic Records (PACER) system.",2013
http://news.iu.edu/releases/iu/2014/02/data-exposure-disclosure.shtml,http://www.usatoday.com/story/news/nation/2014/02/26/indiana-university-data-breach/5830685/,,,Indiana University,Poor security,146000,Academia,Indiana University,Students who attended the university between 2011 and 2014 may have had their data exposed after it was stored on an unprotected site. The data was accessed by three webcrawlers but there is not evidence it was accessed by any unauthorized individuals.,2013
http://www.privacyrights.org/data-breach,http://www.databreachwatch.org/community-college-data-breach-leaks-125000-ssns/,,,Kirkwood Community College,Hacked,125000,Academia,Privacy Rights,Hacked online database,2013
http://www.privacyrights.org/data-breach,,,,Central Hudson Gas & Electric,Hacked,110000,Energy,Privacy Rights,Customer banking information and other personal information may have been accessed during the hack.,2013
http://www.privacyrights.org/data-breach,,,,"Crescent Health Inc., Walgreens",Lost / stolen device or media,100000,Healthcare,Privacy Rights,"Names, Social Security numbers, health insurance identification numbers, health insurance information, dates of birth, diagnoses, other medical information, disability codes, addresses, and phone numbers may have been exposed via a laptop theft.",2013
http://www.privacyrights.org/data-breach,,,Florida Department of Juvenile Justice,Florida Courts,Lost / stolen device or media,100000,Government,Privacy Rights,,2013
http://www.privacyrights.org/data-breach,,,,Florida Department of Juvenile Justice,Lost / stolen device or media,100000,Government,Privacy Rights,"Three computers were stolen that contained both youth and employee records was reported stolen on January 2, 2013.  Over 100,000 records were on the device and may have been exposed.",2013
http://bits.blogs.nytimes.com/2013/10/24/senator-intensifies-probe-of-data-brokers/?_php=true&_type=blogs&_r=0,http://www.experianplc.com/news/company-news/2014/04-04-2014.aspx,,Experian,Court Ventures,Inside job,200000000,Financial,NY Times / Experian,"A Vietnamese identity theft service was sold personal records, including Social Security numbers, credit card data and bank account information, by Court Ventures, a company now owned by data brokerage firm Experian.",2012
http://www.nydailynews.com/news/national/russians-ukrainian-charged-largest-hacking-spree-u-s-history-article-1.1408948,,,"7-Eleven, JC Penney, Hannaford, Heartland, JetBlue, Dow Jones, Euronet, Visa Jordan, Global Payment, Diners Singapore and Ingenicard",Massive American business hack,Hacked,160000000,Financial,NY Daily,"Over eight years, a hacking ring targeted banks, payment processors and chain stores, to steal more than 160 million credit and debit card numbers, targeting more than 800,000 bank accounts",2012
http://money.cnn.com/2016/05/19/technology/linkedin-hack/,,,,LinkedIn,Hacked,117000000,Web,CNN,Information about a 2012 data breach has just come to light.,2012
http://www.telegraph.co.uk/technology/2016/08/31/dropbox-hackers-stole-70-million-passwords-and-email-addresses/,,,,Dropbox,Hacked,68700000,Web,The Telegraph,"User credentials were stolen in a 2012 hack, but the number affected has only just come to light.",2012
http://www.zdnet.com/article/hackers-stole-43-million-last-fm-account-details-in-2012-breach/,,,Owned by CBS,Last.fm,Hacked,43500000,Web,ZD Net,"Historical 2012 hack, details have only just been disclosed.",2012
http://www.forbes.com/sites/andygreenberg/2012/01/15/zappos-says-hackers-accessed-24-million-customers-account-details/,,,,Zappos,Hacked,24000000,Web,Forbes,,2012
http://www.zdnet.com/article/disqus-confirms-comments-tool-Hacking/,,,,Disqus,Hacked,17500000,Web,ZD Net,"hackers 17.5m email addresses in July 2012. About a third of those accounts contained passwords, which were hashed using the dated SHA-1 algorithm",2012
http://www.bbc.com/news/technology-19207276,,,"Activision, Battle.net",Blizzard,Hacked,14000000,Gaming,Blizzard,"Scrambled passwords, e-mail addresses, and personal security answers were knowingly stolen from Blizzard's internal network. Blizzard would not elaborate on the size of the hack (millions).",2012
http://news.cnet.com/8301-1009_3-57505330-83/antisec-claims-to-have-snatched-12m-apple-device-ids-from-fbi/,http://news.cnet.com/8301-1009_3-57509595-83/udid-leak-source-idd-bluetoad-mobile-firm-says-it-was-hacked/,,,Apple*,Accidentally published,12367232,Tech,CNET,"Hacking group AntiSec claimed they hacked an FBI laptop in March 2012 accessing a file of more than 12 million Apple Unique Device Identifiers (UDIDs). Subsequently, it was discovered that app developer BlueToad was the source of the breach. The list contained personal information such as full names, phone numbers and addresses. AntiSec published a million of these UDIDs online.",2012
http://www.wired.co.uk/news/archive/2012-11/22/greece-id-theft,,,,Greek government,Hacked,9000000,Government,Wired,"A computer programmer was arrested in Greece for allegedly stealing the identity information of what could amount to 83% of the country's population. The 35-year-old was found in possession of 9 million data files containing identification card data, addresses, tax ID numbers and licence plate numbers, which he was also suspected of trying to sell.",2012
http://www.koreatimes.co.kr/www/news/biz/2012/07/113_116143.html,http://news.cnet.com/8301-1009_3-57482215-83/hackers-accused-of-stealing-data-from-9m-korean-mobile-users/,,Korean mobile carrier,KT Corp.,Hacked,8700000,Telecoms,Korea Times,"Two suspects reportedly earnt an estimated $877,000 by selling the contact information and plan details of 8.7 million KT subscribers, almost half of the carrier's total customers.",2012
http://www.forbes.com/sites/andygreenberg/2012/07/23/eight-million-passwords-spilled-from-gaming-site-gamigo-months-after-breach/,,,,Gamigo,Hacked,8000000,Web,Forbes,German gaming website,2012
https://www.cnet.com/news/what-the-password-leaks-mean-to-you-faq/,http://arstechnica.com/security/2012/06/8-million-leaked-passwords-connected-to-linkedin/,,,"LinkedIn, eHarmony, Last.fm",Hacked,8000000,Web,Cnet,"Hacker 'dwdm' uploaded a file containing 6.5 million passwords on a Russian hacker forum. Soon after another 1.5 million passwords were discovered.  On analysis, 93% of the passwords could be found in the Top 10,000 password list.",2012
http://www.washingtonpost.com/business/technology/faq-the-global-payments-hack/2012/04/02/gIQAIHLLrS_story.html,,,"Credit, debit and check processing for merchants (Visa, Mastercard, etc)",Global Payments,Hacked,7000000,Financial,ITRC,1.5 million credit card numbers from its systems may have been exposed after detecting “unauthorized access” into its processing system.,2012
http://www.rawstory.com/rs/2012/04/26/texas-attorney-general-exposes-millions-of-voters-social-security-numbers/,,,,Office of the Texas Attorney General,Accidentally published,6500000,Government,Raw Story,The office of Texas Attorney General Greg Abbott mistakenly gave attorneys access to millions of Social Security numbers in a case against the state’s voter ID law,2012
http://www.infoworld.com/article/2615754/cyber-crime/south-carolina-reveals-massive-data-breach-of-social-security-numbers--credit-cards.html,,,,South Carolina State Dept. of Revenue,Hacked,3600000,Government,Information Week,A server was breached by an international hacker.,2012
http://www.zdnet.com/blog/security/3-million-bank-accounts-Hacking-in-iran/11577,,,"Saderat, Eghtesad Novin, & Saman",Three Iranian banks,Hacked,3000000,Financial,ZD Net,"After finding a security vulnerability in Iran's banking system, software manager Khosrow Zarefarid
 wrote a formal report and sent it to the CEOs of all the affected banks across the country. When the banks ignored his findings, he hacked 3 million bank accounts, belonging to at least 22 different banks, to prove his point.",2012
https://www.infolawgroup.com/2012/08/articles/data-privacy-law-or-regulation/data-breach-at-new-york-utility-prompts-enforcement-action-and-industrywide-data-security-review/,,,,New York State Electric & Gas,Inside job,1800000,Energy,ITRC,An employee from a software consulting firm was allowed unauthorized access to the company’s databases.,2012
http://www.businessinsider.com/california-child-support-data-breach-2012-4,http://articles.businessinsider.com/2012-04-03/news/31279254_1_major-data-breach-identity-theft-office-of-privacy-protection,,,California Department of Child Support Services,Lost / stolen device or media,800000,Government,ITRC,California child support records were lost in transit during a disaster preparedness exercise.,2012
http://www.nbcnews.com/id/46995292/ns/technology_and_science-security/t/utah-medicaid-clients-hit-huge-data-breach/#.WnS8_oJG3_Q,,,US health program for low income people and families,Medicaid,Hacked,780000,Government,ITRC,"The Utah Department of Technology Services had recently moved their claims records to a new server, and hackers believed to be operating out of Eastern Europe were able to circumvent the server’s multi-layered security system containing Social Security numbers for the Medicaid claims.",2012
http://it.slashdot.org/story/12/07/12/1243217/nearly-half-a-million-yahoo-passwords-leaked-updated?utm_source=feedburnerGoogle+Reader&utm_medium=feed&utm_campaign=Feed%3A+Slashdot%2Fslashdot+%28Slashdot%29&utm_content=Google+Reader,http://www.pbs.org/newshour/rundown/2012/07/check-whether-your-yahoo-password-was-hacked.html,,,Yahoo Voices,Hacked,450000,Web,Slashdot,"Yahoo Voices service was hacked, exposing more than 450,000 usernames and passwords.",2012
http://news.cnet.com/8301-1009_3-57469944-83/formspring-disables-user-passwords-in-security-breach,,,Interest-based social Q&A website,Formspring,Hacked,420000,Web,CNet,"Formspring was tipped off to a breach after 420,000 hashed passwords were posted to a security forum.",2012
http://news.emory.edu/stories/2012/04/ehc_missing_data/campus.html,,,hospital system in Atlanta,Emory Healthcare,Lost / stolen device or media,315000,Healthcare,US Gov,"The company 'misplaced' 10 discs containing sensitive information, including social security numbers.",2012
http://www.thestate.com/2012/04/20/2241321/personal-information-of-more-than.html#.UFpUVqRYtmg,http://www.hhs.gov/ocr/privacy/hipaa/administrative/breachnotificationrule/breachtool.html,,South Carolina Department of Health and Human Services,South Carolina Government,Inside job,228000,Healthcare,US Gov,"A man was charged with five counts of violating medical confidentiality laws and one count of disclosure of confidential information after he gained access to personal information for more than 228,000 Medicaid beneficiaries.",2012
http://www.pcworld.com/article/252647/reborn_lulzsec_claims_hack_of_dating_site_for_military_personnel.html,,,"Online dating network for, you guessed it, military singles",Militarysingles.com,Hacked,163792,Web,PC World,"Collective group LulzSec released a database of 163,792 names, usernames, e-mail addresses, IP addresses, and passwords of single military personnel.",2012
https://www.darkreading.com/risk-management/dropbox-admits-hack-adds-more-security-features/d/d-id/1105602?,,,,Dropbox,Hacked,30000,Web,Information Week,Websites stolen from other websites used to sign into a small number of Dropbox accounts. The hack was mainly used to send spam to users.,2012
http://mashable.com/2011/05/31/sony-playstation-services-return/,,,,Sony PSN,Hacked,77000000,Gaming,Mashable,"Rounding off a thoroughly unhappy year for Sony, their third breach saw the loss of 76,000,000 Sony PSN and Qriocity user accounts to hacking collective Lulzsec.",2011
http://www.bbc.co.uk/news/technology-15690187,,,The Valve Corporation.,Steam,Hacked,35000000,Web,BBC News,Attackers used login details from a Steam forum hack to access a database that held ID and credit card data.,2011
"http://www.scmagazine.com.au/News/349585,28-million-clear-text-passwords-found-after-tianya65279-hack.aspx",,,Blogging site,Tianya,Hacked,28000000,Web,SC Mag,"Usernames, clear tect passwords and email addresses hacked.",2011
http://www.computerworld.com/s/article/9216343/Sony_cuts_off_Sony_Online_Entertainment_service_after_hack,,,,Sony Online Entertainment,Hacked,24600000,Gaming,Computer World,"Hacked by LulzSec. In addition to the Sony Playstation Network breach, compromised 77 million records. More than 23,000 lost financial data, according to Sony.",2011
http://www.reuters.com/article/2011/11/26/us-korea-hacking-nexon-idUSTRE7AP09H20111126,,,Personal data of subscribers to online game Maple Story was leaked.,Nexon Korea Corp,Hacked,13200000,Web,Reuters,game developer,2011
http://www.ehackingnews.com/2011/12/hackers-compromised-38-million-chinese.html,,,,178.com,Hacked,10000000,Web,eHacking News,gaming website,2011
http://www.techweekeurope.co.uk/news/nhs-researchers-lose-laptop-with-8m-patients-records-31810,,,"UK's national health service, govt funded",NHS,Lost / stolen device or media,8300000,Healthcare,Tech Week,A laptop holding the unencrypted records of eight million patients went missing from an NHS store room and wasn't reported until 3 weeks later.,2011
http://www.zdnet.com/blog/security/chinese-hacker-arrested-for-leaking-6-million-logins/11064,,,,China Software Developer Network,Hacked,6000000,Web,ZD Net,,2011
http://www.reuters.com/article/us-data-breach-texas-idUSTRE78S5JG20110929,,,Healthcare service for US Military,Tricare,Lost / stolen device or media,4901432,Government,ITRC,"The information for some 4.6 million active and retired military personnel, as well as their families, was on back up-tapes from an electronic health care record used to capture and preserve patient data from 1992 through September 7 2011.",2011
http://www.healthcareitnews.com/news/1b-suit-filed-against-sutter-health-over-data-breach,http://www.hhs.gov/ocr/privacy/hipaa/administrative/breachnotificationrule/breachtool.html,,,Sutter Medical Foundation,Lost / stolen device or media,4243434,Healthcare,US Gov,"A password protected but unencrypted company computer was stolen. The compromised database contained names, addresses, dates of birth, phone numbers, email addresses, medical record numbers and the name of each patient's health insurance plan. No medical records were stored on the computer.",2011
http://www.informationweek.com/security/attacks/texas-data-breach-exposed-35-million-rec/229401489?queryText=Texas%20data%20leak,,,,State of Texas,Accidentally published,3500000,Government,Information Week,"3.5 million records were accidentally published online including people's names, mailing addresses, social security numbers, and in some cases dates of birth and driver's license numbers.",2011
https://www.theguardian.com/technology/2011/apr/04/epsilon-email-hack,,,Marketing email provider,Epsilon,Hacked,3000000,Web,The Guardian,"Apr 2011. Names & email addresses of customers of Barclaycard US, Capital One, JP Morgan, Citigroup & other firms have been stolen.",2011
https://spectrum.ieee.org/riskfactor/computing/it/health-net-data-breaches-affects-19-million-people,http://www.hhs.gov/ocr/privacy/hipaa/administrative/breachnotificationrule/breachtool.html,,,Health Net - IBM,Lost / stolen device or media,1900000,Healthcare,ITRC,"Several server drives, containing personal information of former and current employees, went missing. Data lost from HN servers managed by IBM",2011
http://www.zdnet.com/blog/gamification/sega-1-3-million-customer-records-Hacking-lulzsec-promises-retribution/481,,,,Sega,Hacked,1290755,Gaming,ZD Net,"Information stolen during the hack includes names, birth dates, e-mail addresses and passwords from Sega Pass, a system for users interested in newsletters and for registering certain products.",2011
"http://www.pcmag.com/article2/0,2817,2388200,00.asp",,,,Washington Post,Hacked,1270000,Media,PC Mag,Unknown hackers broke into The Washington Post's jobs website stealing about 1.27 million user IDs and email addresses.,2011
https://www.nemours.org/about/mediaroom/press/dv/missingtapes.html,http://www.hhs.gov/ocr/privacy/hipaa/administrative/breachnotificationrule/breachtool.html,,US children's hospitals,Nemours Foundation,Lost / stolen device or media,1055489,Healthcare,US Gov,A health care organization that runs children’s hospitals reported the loss of 1.05 million records when data backup tapes were lost.,2011
https://www.databreaches.net/or-deputies-man-used-dmv-database-in-id-theft/,,,,Oregon Department of Motor Vehicles,Hacked,1000000,Government,ITRC,"Sheriff's detectives arrested Tim Nuss for accessing an old Oregon Department of Motor Vehicles database. The DMV database was once sold to marketing companies, but the department stopped selling the information in the late 1990s. The sold data include the names, addresses, birth dates, gender and ages of people who registered with the DMV, but no financial information.",2011
http://mashable.com/2011/06/02/sony-pictures-Hacking/,,,,Sony Pictures,Hacked,1000000,Web,Mashable,"LulzSec hacking collective stated all of the information it took was unencrypted, “Sony stored over 1,000,000 passwords of its customers in plaintext. More than 1 million user accounts were compromised. An additional 75,000 music codes and 3.5 million coupons were also uncovered.",2011
http://bits.blogs.nytimes.com/2011/12/27/questions-about-motives-behind-stratfor-hack/,,,Shadowy global intelligence company,Stratfor,Hacked,935000,Military,NY Times,"Hacking collective Anonymous defaced the website of Stratfor and posted a file online of the organization’s confidential client list, along with credit card details, passwords and home addresses for those clients. They released 47,680 unique e-mail addresses and 50,277 unique credit card numbers — 9,651 of which were not yet expired. Of the stolen encrypted passwords, 50% were easily crackable.",2011
http://databreachinvestigation.blogspot.com/2011/04/thief-gets-away-with-eisenhower-medical.html,http://www.hhs.gov/ocr/privacy/hipaa/administrative/breachnotificationrule/breachtool.html,,California hospital,Eisenhower Medical Center,Lost / stolen device or media,514330,Healthcare,US Gov,"Stolen computer contained data listing patients' names, ages, dates of birth, medical record numbers and the last four digits of their social security numbers.",2011
http://www.goupstate.com/news/20110527/spartanburg-regional-patients-affected-by-computer-breach,http://www.hhs.gov/ocr/privacy/hipaa/administrative/breachnotificationrule/breachtool.html,,,Spartanburg Regional Healthcare System,Lost / stolen device or media,400000,Healthcare,US Gov,"The stolen computer contained a password-protected file with Social Security numbers as well as names, addresses, dates of birth and medical billing codes.",2011
http://www.pcworld.com/article/229891/Citigroup_Hack_Nets_Over_200k_in_Stolen_Customer_Details.html,,,,Citigroup,Hacked,360083,Financial,PC World,"Less than 1% of Citbank card holders' names, account numbers, and contact information such as e-mail addresses were stolen. Card security codes were not stolen.",2011
https://www.databreaches.net/southern-california-medical-legal-consultants-reveals-that-300000-workers-compensation-applicants-names-and-social-security-numbers-were-exposed-on-internet/,,,,Southern California Medical-Legal Consultants,Hacked,300000,Healthcare,ID theft centre,"Electronic files containing names and social security numbers of approximately 300,000 individuals who have applied for California workers’ compensation benefits had been exposed to unauthorized access.",2011
http://www.guelphmercury.com/news-story/2200845-honda-canada-hit-by-online-security-breach-283-000-car-owners-personal-data-stolen/,,,,Honda Canada,Hacked,283000,Retail,Guelph Mercury,"Names, addresses and vehicle identification numbers were taken from the company’s eCommerce websites myHonda and myAcura",2011
https://www.databreaches.net/massachusetts-executive-office-of-labor-and-workforce-development-reports-a-virus-infiltrated-the-computer-systems-of-agencies-tied-to-employers-unemployed-claimants-and-career-center-customers/,,,Massachusetts Executive Office of Labor and Workforce,Massachusetts Government,Hacked,210000,Government,ITRC,"Over 1,500 departmental computers were infected with the W32.QAKBOT virus, a malicious program which “downloads additional files, steals information, and opens a back door on the compromised computer”.",2011
http://www.pcworld.com/article/231215/lulzsec_a_short_history_of_hacking.html,,,"US video game company (Elder Scrolls, Fallout 3)",Bethesda Game Studios,Hacked,200000,Gaming,PC World,"Hacking collective Lulzsec stole account information of 200,000 user.",2011
https://www.databreaches.net/update-to-restaurant-depotjetro-breach/,,,"Food, equipment, and supplies for restaurants",Restaurant Depot,Hacked,200000,Retail,ITRC,,2011
http://news.cnet.com/8301-27080_3-20068386-245/sf-utilities-agency-warns-of-potential-breach/,,,,San Francisco Public Utilities Commission,Hacked,180000,Government,CNET,,2011
http://www.databreaches.net/?p=19198,http://www.hhs.gov/ocr/privacy/hipaa/administrative/breachnotificationrule/breachtool.html,,,Accendo Insurance Co.,Poor security,175350,Healthcare,US Gov,"Mismailed letters which allowed some lines of sensitive information (medication name, date of birth, and member ID) to be visible through the envelope window. The mailings were addressed correctly and, to the knowledge of the company, were received by the intended recipients.",2011
"http://www.pcmag.com/article2/0,2817,2390683,00.asp",,,,US Law Enforcement,Hacked,123461,Government,PC World,"AntiSec hackers published 2,719 social security numbers, 8,214 passwords, 15,798 birth dates, 48,182 street addresses, 1,531,628 email addresses, 106,691 phone numbers, 57 bank account numbers, 53 driver's license numbers, and eight credit card numbers of more than 70 different U.S. law enforcement agencies.",2011
https://www.hhs.gov/about/news/2017/02/16/hipaa-settlement-shines-light-on-the-importance-of-audit-controls.html,http://www.hhs.gov/ocr/privacy/hipaa/administrative/breachnotificationrule/breachtool.html,,Florida,Memorial Healthcare System,Poor security,115143,Healthcare,US Gov,"An employee of an affiliated physician’s office may have improperly accessed patient information through a web portal used by physicians who provide care and treatment at MHS. Specifically, patients’ names, dates of birth, and Social Security numbers.",2011
http://archive.jsonline.com/news/milwaukee/127459128.html/,,,,University of Wisconsin - Milwaukee,Hacked,73000,Academia,,,2011
"http://www.pcmag.com/article2/0,2817,2387186,00.asp",,,Website design and hosting for writers,Writerspace.com,Hacked,62000,Web,PC Mag,"Hacker group LulzSec released the e-mails and passwords, 12,000 of which were confirmed to originate from Writerspace.com.",2011
http://www.idtheftcenter.org/artman2/publish/lib_survey/ITRC_2008_Breach_List.shtml,,,,US Army,Accidentally published,50000,Government,ITRC,,2011
http://abcnews.go.com/Business/morgan-stanley-smith-barney-breach-losing-client-data/story?id=14008632,,,,Morgan Stanley Smith Barney,Lost / stolen device or media,34000,Financial,ITRC,Morgan Stanley mailed a CD containing sensitive data about investors in tax-exempt funds and bonds to the New York State Department of Taxation and Finance. The package arrived at the building but when it arrived at the relevant desk the data CD was missing.,2011
http://www.foxnews.com/us/2010/03/26/student-loan-company-data-m-people-stolen/,,,US student loan guarantor,Educational Credit Management Corp,Lost / stolen device or media,3300000,Financial,ITRC,"A contractor for the US Department of Education stole the records of 3.3 million people. Data included names, addresses, Social Security numbers and dates of birth of borrowers, but no financial or bank account information.",2010
http://www.pcworld.com/article/131453/article.html,,,,JP Morgan Chase,Lost / stolen device or media,2600000,Financial,ITRC,"In 2007, the personal information of approximately 2.6 million current and former holders of a Chase-Circuit City credit card had been mistakenly identified as trash and thrown out in garbage bags outside five branch offices in New York.",2010
http://www.telegraph.co.uk/finance/newsbysector/retailandconsumer/8797834/Criminals-stole-customer-card-data-from-Betfair-just-months-before-float.html,,,UK gambling site,Betfair,Hacked,2300000,Web,ITRC,"Betfair waited 18 months to report the breach of their online gambling site, alarming banking institutions and security experts. Betfair's systems breach, which occurred in March and April 2010, was not uncovered until this past May, when a server crashed.",2010
https://www.scmagazine.com/nyc-hospital-system-breach-affects-17-million/article/558668/,,,New York City Health & Hospitals Corporation's North Bronx Healthcare Network,New York City Health & Hospitals Corp.,Lost / stolen device or media,1700000,Healthcare,US Gov,,2010
http://www.guardian.co.uk/technology/2010/dec/13/gawker-hackers-passwords-twitter-wikileaks?INTCMP=SRCH,http://www.mediaite.com/online/gawker-medias-entire-commenter-database-appears-to-have-been-hacked/,,US news and gossip blog network including Gawker.com Gizmodo.com Lifehacker.com,Gawker.com,Hacked,1500000,Web,Guardian,"Hacked. 1.5 Million usernames, emails, passwords taken.",2010
http://www.mass.gov/ago/news-and-updates/press-releases/2012/2012-05-24-south-shore-hospital-data-breach-settlement.html,,,,"South Shore Hospital, Massachusetts",Lost / stolen device or media,800000,Healthcare,ITRC,"South Shore Hospital hired a contractor to destroy files no longer in use and lost the shipment. The back-up computer files possibly contained names, addresses, phone numbers, dates of birth, Social Security numbers, driver’s license numbers, medical record numbers, patient numbers, health plan information, protected health information including diagnoses and treatments. As well as bank account and credit card numbers for some. Patients, employees, physicians, volunteers, donors, vendors and other business partners were effected.",2010
http://www.dispatch.com/article/20101216/NEWS/312169733,,,,Ohio State University,Hacked,760000,Academia,ITRC,,2010
https://www.databreaches.net/puerto-rico-dept-of-health-reports-breach-affecting-400000-triple-s-salud-fined-100k/,,,,Puerto Rico Department of Health,Hacked,515000,Healthcare,US Gov,"Double whammy. Two separate breaches. On September 3rd, 2010 data on 115,000 people was stolen from unauthorized access of an electronic device, on the 21st they reported an additional 400,000 records were hacked.",2010
https://www.nbcnewyork.com/news/local/Feds-Hacker-Exploits-Federal-Reserve-Bank-In-Cleveland-108985059.html,,,,US Federal Reserve Bank of Cleveland,Hacked,400000,Financial,ITRC,"A Malaysian man has been charged with hacking into major U.S. corporations, including the U.S. Federal Reserve Bank of Cleveland and FedComp after U.S. Secret Service investigators found more than 400,000 stolen credit and debit card account numbers allegedly obtained by hacking into various computer systems of other financial institutions",2010
https://www.databreaches.net/puerto-rico-dept-of-health-reports-breach-affecting-400000-triple-s-salud-fined-100k/,,,Puerto-Rican health insurance company,"Triple-S Salud, Inc.",Lost / stolen device or media,398000,Healthcare,Data Breaches,,2010
http://www.forbes.com/sites/andygreenberg/2010/10/22/wikileaks-reveals-the-biggest-classified-data-breach-in-history/,,,,Classified Iraq War documents,Inside job,392000,Government,Forbes,Wikileaks,2010
http://www.guardian.co.uk/news/datablog/2010/nov/29/wikileaks-cables-data,,,Wikileaks / Bradley Manning/Cablegate.,US Military,Inside job,260000,Government,Guardian,WIKILEAKS!,2010
http://wikileaks.org/cablegate.html,,,Wikileaks,Embassy Cables,Inside job,251000,Government,Wikileaks,"Confidential communications between 274 embassies in countries throughout the world and the State Department in Washington DC, between 1966-2010.",2010
http://www.fosters.com/apps/pbcs.dll/article?AID=/20110120/GJNEWS_01/701209744,http://www.hhs.gov/ocr/privacy/hipaa/administrative/breachnotificationrule/breachtool.html,,,"Seacoast Radiology, PA",Hacked,231400,Healthcare,US Gov,"Computer gamers hacked a server at Seacoast Radiology in Rochester in search of more bandwidth in November to play Call of Duty: Black Ops. In the process they also gained access to personal records of the more than 230,000 patients of the health center.",2010
http://www.healthcareinfosecurity.com/chicago-breach-affects-180000-a-2496,http://www.hhs.gov/ocr/privacy/hipaa/administrative/breachnotificationrule/breachtool.html,,A Chicago emergency physician group,"Emergency Healthcare Physicians, Ltd.",Lost / stolen device or media,180111,Healthcare,US Gov,"The stolen portable hard drive is believed to have contained records from 2003 to 2006 that included patient names, addressees, phone numbers, birth dates, Social Security numbers, and, in some cases, drivers' license numbers.",2010
http://www.phiprivacy.net/?p=5743,http://www.hhs.gov/ocr/privacy/hipaa/administrative/breachnotificationrule/breachtool.html,,,"Ankle & foot Center of Tampa Bay, Inc.",Hacked,156000,Healthcare,US Gov,"The information hacked included information such as patient names, social security numbers, date of birth, home addressees, account numbers, and healthcare services and related diagnostic codes.",2010
http://www.alertboot.com/blog/blogs/endpoint_security/archive/2010/06/30/disk-encryption-ny-lincoln-medical-notifies-130-945-of-data-breach.aspx,http://www.hhs.gov/ocr/privacy/hipaa/administrative/breachnotificationrule/breachtool.html,,,Lincoln Medical & Mental Health Center,Lost / stolen device or media,130495,Healthcare,US Gov,"130,495 patients lost their protected health information after seven CDs were lost in transit.",2010
http://www.guardian.co.uk/technology/2010/jun/10/apple-ipad-security-leak?INTCMP=SRCH,,,US Telecoms company,AT&T,Hacked,114000,Telecoms,Guardian,"Details of iPad 3G users hacked from AT&T website, thought to include those of White House chief of staff Rahm Emanuel.",2010
http://www.databreaches.net/?p=12611,http://www.hhs.gov/ocr/privacy/hipaa/administrative/breachnotificationrule/breachtool.html,,Department of Health Care Policy & Financing,Colorado government,Lost / stolen device or media,105470,Healthcare,US Gov,,2010
https://www.computerworld.com/article/2510557/security0/yale-warns-43-000-about-10-month-long-data-breach.html,,,,Yale University,Accidentally published,43000,Academia,ITRC,,2010
http://www.forbes.com/sites/davelewis/2015/05/31/heartland-payment-systems-suffers-data-breach/#155d10312985,,,Independent payment processor,Heartland,Hacked,130000000,Financial,Guardian,"The biggest credit card scam in history, Heartland eventually paid more than $110 million to Visa, MasterCard, American Express and other card associations to settle claims related to the breach.",2009
http://www.wired.com/threatlevel/2009/10/probe-targets-archives-handling-of-data-on-70-million-vets/,,,,US Military,Lost / stolen device or media,76000000,Government,ITRC,"Without first destroying the data the agency sent back a defective unencrypted hard drive for repair and recycling which held detailed records on 76 million veterans, including millions of Social Security numbers dating to 1972.",2009
http://techcrunch.com/2009/12/14/rockyou-hack-security-myspace-facebook-passwords/,,,Developer of online games (Zoo World/Zoo World 2) and advertising products,RockYou!,Hacked,32000000,Gaming,Tech Crunch,"The site did not allow users to use special characters or punctuation in their passwords and e-mailed user passwords in plain text. Hackers took advantage of these security lapses, using simple techniques to gain access to 32 million user accounts.",2009
http://www.healthcareitnews.com/news/hacker-says-he-stole-confidential-medical-data-8-million-virginia-residents,,,,Virginia Dept. Of Health,Hacked,8257378,Government,ITRC,An extortion demand posted on WikiLeaks sought $10 million to return over 8 million patient records and 35 million prescriptions allegedly stolen from Virginia Department of Health Professions.  All 36 servers were shut down  to protect records.,2009
http://www.computerworld.com/s/article/9125078/CheckFree_warns_5_million_customers_after_hack,,,"Provider of online banking, online bill payment and electronic bill payment services for the financial services industry",CheckFree Corporation,Hacked,5000000,Financial,Computer World,Customers who went to CheckFree's Web sites between 12:35 a.m. and 10:10 a.m. on the day of the attack were redirected to a Ukrainian Web server that used malicious software to try and install a password-stealing program on the victim's computer.,2009
https://www.computerworld.com/article/2521838/security0/health-net-says-1-5m-medical-records-lost-in-data-breach.html,,,Largest US publicly traded managed health care company,Health Net,Lost / stolen device or media,1500000,Healthcare,ITRC,A portable hard drive with seven years of personal and medical information on about 1.5 million Health Net customers was lost for six months before being reported.,2009
https://www.databreachtoday.com/avmed-sued-over-laptop-breach-a-3111,http://www.hhs.gov/ocr/privacy/hipaa/administrative/breachnotificationrule/breachtool.html,,,"AvMed, Inc.",Lost / stolen device or media,1220000,Healthcare,US Gov,"Two company laptops containing names, addresses, dates of birth, Social Security numbers and health-related information.",2009
http://www.scmagazine.com/thief-steals-57-hard-drives-from-bluecross-blueshield-of-tennessee/article/162178/,http://www.hhs.gov/ocr/privacy/hipaa/administrative/breachnotificationrule/breachtool.html,,US health insurance organization,Blue Cross Blue Shield of Tennessee,Lost / stolen device or media,1023209,Healthcare,US Gov,"A thief stole 57 hard drives from the closet of a BlueCross call center in Chattanooga, Tenn. Data on the stolen hard drives was encoded but not encrypted. Bluecross stated there was no evidence the information was accessed due to the specialized nature of the hardware stolen.",2009
http://www.computerworld.com/s/article/9175783/Network_Solutions_sites_Hacking_again,http://voices.washingtonpost.com/securityfix/2009/07/network_solutions_hack_comprom.html,,Domain name registration business,Network Solutions,Hacked,573000,Tech,ITRC,"A large-scale infection of WordPress-driven blogs with malicious code led to the compromise of 573,000 debit and credit cards.",2009
https://pilotonline.com/news/local/health/article_7b0401da-1706-5ef0-a9a7-1289c42bec61.html,,,,Virginia Prescription Monitoring Program,Hacked,531400,Healthcare,ITRC,"A hacker, who was never arrested, demanded a $10 million ransom for a breach effecting 530,000 Virginians. Social security numbers may have been taken. The data was found in a database containing 35 million prescription records.",2009
https://www.databreaches.net/affinity-health-plan-notifies-over-409000-of-breach/,http://www.hhs.gov/ocr/privacy/hipaa/administrative/breachnotificationrule/breachtool.html,,,"Affinity Health Plan, Inc.",Lost / stolen device or media,344579,Healthcare,US Gov,A rented photocopier used to copy health records did not have its hard-drive wiped before its return.,2009
http://www.msnbc.msn.com/id/30645920/ns/technology_and_science-security/t/hackers-breach-uc-berkeley-computers/#.UFjFaKRYtmg,,,,University of California Berkeley,Hacked,160000,Academia,ITRC,"details on students, alumni and others",2009
http://www.nbcnews.com/id/32304147/ns/technology_and_science-security/t/stolen-laptop-holds-army-guard-members-data/#.WnTTEYJG3_Q,,,,US National Guard,Lost / stolen device or media,131000,Government,ITRC,"About 131,000 former and current Army Guard members potentially affected  when a personal laptop owned by an Army Guard contractor was stolen. Database incuded names, Social Security Numbers, incentive payment amounts and payment dates.",2009
https://www.databreaches.net/gao-dod-loses-track-of-72000-combat-records/,,,,US Dept of Defense,Lost / stolen device or media,72000,Government,ITRC,"According to a report to Congress, assessment forms of 72,000 service members who returned from deployment to Iraq or Afghanistan between Jan 1, 2007 to May 31, 2008 were breached. The forms ask for the service member's SSN,. Name, date of birth.",2009
https://www.darkreading.com/attacks-breaches/hacker-steals-data-on-18m-auction-customers-in-south-korea/d/d-id/1129325?,,,South Korea's largest online shopping site,Auction.co.kr,Hacked,18000000,Web,Dark reading,,2008
https://www.scmagazine.com/bank-of-new-york-mellon-loses-data-on-45-million/article/554575/,,,Wealth management,BNY Mellon Shareowner Services,Lost / stolen device or media,12500000,Financial,ITRC,"A back-up tape, containing over 12 million customers records were lost.",2008
http://english.donga.com/List/3/all/26/259955/1,http://english.donga.com/srv/service.php3?biid=2008090631088,,Private oil company,GS Caltex,Inside job,11100000,Energy,Data Loss Database,"Two multimedia discs containing the names, social security numbers, addresses, cell phone numbers, email addresses and workplaces of Korean customers sorted by age were stolen. They were found by an office worker in a backstreet’s trash pile in Seoul. Experts say a GS Caltex employee likely stole the information for personal purposes given there were no signs of hacking.",2008
http://news.bbc.co.uk/2/hi/americas/7395295.stm,http://www.geek.com/articles/news/government-servers-in-chile-hacked-6-million-personal-records-made-public-20080514/,,,Chile Ministry Of Education,Hacked,6000000,Government,BBC News,A computer hacker in Chile published confidential records belonging to six million people to illustrate the weakness of their security.,2008
http://money.cnn.com/2003/02/18/technology/creditcards/,,,Provides merchant account establishment and Internet based credit card payment processing services,Data Processors International,Hacked,5000000,Financial,CNN,,2008
http://infowatch.com/node/1289,,,,Norwegian Tax Authorities,Accidentally published,3950000,Government,Info Watch,"Tax authorities said they had accidentally sent CD-ROMs filled with the 2006 tax returns of nearly four million people living in Norway, a country of 
just 4.6 million inhabitants, to the editorial staff at national 
newspapers, radios and television stations.",2008
http://latimesblogs.latimes.com/money_co/2011/09/man-convicted-in-huge-countrywide-data-theft-gets-8-months-in-prison.html,,,Mortgage lender,Countrywide Financial Corp,Inside job,2500000,Financial,LATimes,Employee convicted of downloading millions of borrower files and selling the information to other loan officers.,2008
https://www.scmagazine.com/university-of-utah-hospitals-and-clinics-backup-tapes-stolen/article/556630/,,,,University of Utah Hospitals & Clinics,Lost / stolen device or media,2200000,Academia,ITRC,The data tapes were stolen by petty thieves from an employee's car. According to police reports the thieves tried - and failed - to view the tapes using a VHS player.,2008
https://www.itnews.com.au/news/university-of-miami-admits-to-stolen-medical-records-108809,,,,University of Miami,Lost / stolen device or media,2100000,Academia,ITRC,"Thieves stole a briefcase containing data tapes out of a vehicle used by a private off-site storage company. Anyone who had been a patient of a University of Miami physician or visited a UM facility since 1999 is likely included on the tapes. The data included names, addresses, Social Security numbers and health information. 47,000 of these records may have included credit card or other financial information regarding bill payment.",2008
http://news.bbc.co.uk/1/hi/uk_politics/7667507.stm,,,,UK Ministry of Defence,Lost / stolen device or media,1700000,Government,BBC News,"Hard drive containing very sensitive details of Armed Forces personnel - passport & national insurance numbers, bank details etc - went missing. Loss was revealed during National Identity Fraud Prevention Week.",2008
http://www.idtheftcenter.org/artman2/publish/lib_survey/ITRC_2008_Breach_List.shtml,http://www.journal-news.net/page/content.detail/id/511806.html?nav=5006,,"West Virginia, US",Jefferson County,Accidentally published,1600000,Government,ITRC,Jefferson County Clerk Jennifer Maghan said she unveiled a new online search tool that enabled residents and business professionals to access nearly 1.6 million documents that are stored in her office via their home computers,2008
http://www.theregister.co.uk/2008/12/29/rbs_worldpay_breach/,,,U.S. payment processing arm of The Royal Bank of Scotland Group,RBS Worldpay,Hacked,1500000,Financial,The Register,"The hack primarily effected U.S. prepaid and the gift card issuing business of RBS Worldpay. Actual fraud has been committed on approximately 100 cards.  Certain personal information of approximately 1.5 million cardholders and other individuals may have been affected and, of this group, Social Security numbers of 1.1 million people may have been accessed.",2008
https://www.networkworld.com/article/2344552/security/latest--lost--laptop-holds-treasure-trove-of-unencrypted-at-t-payroll-data.html,,,,AT&T,Lost / stolen device or media,113000,Telecoms,ITRC,"A laptop was stolen from a car containing unencrypted Social
Security numbers and bonus/salary info of AT&T employees.",2008
https://www.networkworld.com/article/2263364/data-center/starbucks-sued-after-laptop-data-breach.html,http://privacyblog.littler.com/2011/01/articles/identity-theft/after-starbucks-laptop-is-stolen-alleged-victims-of-identity-theft-win-pyrrhic-victory/,,,Starbucks,Lost / stolen device or media,97000,Retail,ITRC,"A laptop was stolen that contained private information on 97,000 employees, including names, addresses and Social Security numbers. Employees tried to sue Starbucks in California winning their case in the appeals court before losing in the higher federal court as they were unable to prove any cognizable harm or injury.",2008
http://en.wikipedia.org/wiki/List_of_UK_government_data_losses,,,,UK Home Office,Lost / stolen device or media,84000,Government,Wikipedia,"PA Consulting lost an unencrypted memory stick containing details of high risk, prolific and other offenders.",2008
http://www.sfgate.com/bayarea/article/Stanford-employees-data-on-stolen-laptop-3281185.php,http://www.sfgate.com/bayarea/article/Stanford-employees-data-on-stolen-laptop-3281185.php,,,Stanford University,Lost / stolen device or media,72000,Academia,ITRC,"Tens of thousands of past and current Stanford University employees had personal information - including their dates of birth, Social Security numbers and home addresses - stored on the hard drive of a stolen university laptop.",2008
http://news.bbc.co.uk/1/hi/england/gloucestershire/7639006.stm,,,,Service Personnel and Veterans Agency (UK),Lost / stolen device or media,50500,Government,BBC News,Stolen USBs containing personal information about private lives of staff.,2008
http://www.zdnet.com/wi-fi-hack-caused-tk-maxx-security-breach-3039286991/,http://www.msnbc.msn.com/id/17871485/ns/technology_and_science-security/t/tj-maxx-theft-believed-largest-hack-ever/#.UFi-HaRYtmg,,,TK / TJ Maxx,Hacked,94000000,Retail,ZD Net,"Hackers hacked a Minnesota store wifi network and stole data from credit and debit cards of shoppers at off-price retailers TJX, owners of nearly 2,500 stores, including T.J. Maxx and Marshalls. This case is believed to be the largest such breach of consumer information.",2007
http://news.bbc.co.uk/2/hi/uk_news/7103911.stm,,,HMRC,UK Revenue & Customs,Lost / stolen device or media,25000000,Government,BBC News,A set of discs containing confidential details of 25 million child benefit recipients was lost.,2007
http://usatoday30.usatoday.com/tech/news/computersecurity/2007-12-30-data_n.htm,,,Japanese printing company,Dai Nippon Printing,Inside job,8637405,Retail,USA Today,"A former contractor of Dai Nippon Printing Company in Tokyo, Japan stole 8.6 million records containing the personal data of customers of 43 of the company's clients.",2007
http://www.pcworld.com/article/135117/article.html,,,,Fidelity National Information Services,Inside job,8500000,Financial,PCWorld,"Employee sold customer information to a data broker, including names, addresses, birth dates, bank account and credit card information.",2007
http://www.wired.com/threatlevel/2008/07/ameritrade-hack/,,,US online broker,TD Ameritrade,Hacked,6300000,Financial,Wired,TD Ameritrade settled a class action lawsuit to compensate as many as 6.3 million TD Ameritrade customers whose data was stolen by hackers costing the Nebraska online brokerage firm less than $2 per victim.,2007
https://www.networkworld.com/article/2284998/lan-wan/details-emerging-on-hannaford-data-breach.html,,,"Delhaize Group: Hannaford Bros, Sweetbay, Food Lion, Bloom, Bottom Dollar, Harveys, Kash n' Karry",Hannaford Brothers Supermarket Chain,Hacked,4200000,Retail,ITRC,An estimated 4.2 million credit and debit card numbers were stolen.,2007
http://news.bbc.co.uk/1/hi/uk_politics/7147715.stm,,,,Driving Standards Agency,Lost / stolen device or media,3000000,Government,BBC News,"Hard disk with details of candidates for the driving theory test was lost in a premises in Iowa by subcontractors. Only names, addresses and phone numbers.",2007
http://news.bbc.co.uk/1/hi/uk_politics/7147715.stm,,,,Driving Standards Agency,Lost / stolen device or media,3000000,Government,BBC News,Details of candidates for the driving theory test were on a hard drive that went missing in the US.,2007
http://news.bbc.co.uk/1/hi/6956349.stm,,,Jobs website,Monster.com,Hacked,1600000,Web,BBC,"A trojan virus stole log-ins that were used to harvest user names, e-mail addresses, home addresses and phone numbers. Soon after phishing e-mails encouraged users to download a Monster Job Seeker Tool, which was in fact a program that encrypted files in their computer and left a ransom note demanding money for their decryption.

",2007
https://www.computerworld.com/article/2536195/security0/programmer-who-stole-drive-containing-1-million-bank-records-gets-42-months.html,http://www.computerworld.com/s/article/9072198/Programmer_who_stole_drive_containing_1_million_bank_records_gets_42_months,,,Compass Bank,Inside job,1000000,Financial,ITRC,"A former employee stole a hardrive containing 1m account details from the bank, then used it to defraud cutomers of nearly $32,000.",2007
http://www.pcworld.com/article/137865/article.html,,,,Gap Inc,Lost / stolen device or media,800000,Retail,PC World,"Stolen laptop which contained social security numbers, data on people who applied for positions at Gap stores, including Banana Republic and Old Navy, between July 2006 and June 2007.",2007
http://www.computerweekly.com/news/2240104003/Hackney-NHS-trust-encrypts-IT-equipment-following-loss-of-child-data,,,,City and Hackney Teaching Primary Care Trust,Lost / stolen device or media,160000,Government,Computer Weekly,Heavily encrypted disks containing details of children are lost by couriers.,2007
http://www.chron.com/news/houston-texas/article/89-000-lottery-winners-affected-by-security-breach-1603025.php,,,,Texas Lottery,Inside job,89000,Government,ITRC,"Data on more than 89,000 lottery winners (including names, Social Security numbers, addresses and prize amounts )were taken from the agency without permission by a former computer analyst who copied the password-free data. The employee added he wanted the information for possible future reference as a programmer at other state agencies.",2007
https://www.consumeraffairs.com/news04/2006/05/va_laptop.html,,,,US Dept of Vet Affairs,Lost / stolen device or media,26500000,Government,GCN,The Veterans Affairs Department agreed to pay $20 million to settle a class action lawsuit over the loss of a laptop. The department originally took three weeks to report the theft. The laptop was recovered with the data apparently intact a month after it was reported stolen. But it is impossible to say with absolute certainty that the data was not accessed and copied.,2006
http://techcrunch.com/2006/08/06/aol-proudly-releases-massive-amounts-of-user-search-data/,,,American Online,AOL,Accidentally published,20000000,Web,Tech Crunch,"Durp. AOL VOLUNTARILY released search data for roughly 20 million web queries from 658,000 anonymized users of the service. No one is quite sure why.",2006
http://www.dw.com/en/telekom-says-data-from-17-million-customers-was-stolen/a-3690132,http://www.informationweek.com/security/attacks/t-mobile-lost-17-million-subscribers-per/210700232,,,"T-Mobile, Deutsche Telecom",Lost / stolen device or media,17000000,Telecoms,Data Loss Database,"Thieves got their hands on a storage device with the data, which included the names, addresses, cell phone numbers, and some birth dates and e-mail addresses for high-profile German citizens. The company said the records did not contain bank details, credit card numbers, or call data.",2006
http://www.computerworld.com/s/article/9001150/KDDI_suffers_massive_data_breach,,,Japanese telecommunications operator,KDDI,Hacked,4000000,Telecoms,Computer World,"Press report: Tokyo police have arrested two men for trying to extort nearly US$90,000 from KDDI Corp. The pair allegedly threatened to disclose the existence of storage media containing personal data belonging to four million KDDI customers prior to a shareholder meeting. However, KDDI alerted the police as soon as they were contacted by the blackmailers. The police monitored communications between KDDI and the pair for several weeks.",2006
http://latimesblogs.latimes.com/money_co/2011/09/man-convicted-in-huge-countrywide-data-theft-gets-8-months-in-prison.html,,,Mortgage financer,Countrywide Financial Corp,Inside job,2600000,Financial,ITRC,,2006
http://news.cnet.com/Laptop-with-HP-employee-data-stolen/2100-7348_3-6052964.html,,,,Hewlett Packard,Lost / stolen device or media,200000,Tech,CNET,"Laptop lost/stolen containing employee data: names, addresses, Social Security numbers, dates of birth and other employment-related information.",2006
http://www.msnbc.msn.com/id/8260050/ns/technology_and_science-security/t/million-credit-cards-exposed/#.UFiz7aRYtmg,,,"Third-party payment processor for Visa, Mastercard, Amex,  and Discover",Cardsystems Solutions Inc.,Hacked,40000000,Financial,MSNBC,"CardSystems was fingered by MasterCard after it spotted fraud on credit card accounts and found a common thread, tracing it back to CardSystems.  An unauthorized entity put a specific code into CardSystems' network, enabling the person or group to gain access to the data. It's not clear how many of the 40 million accounts were actually stolen.",2005
http://www.nytimes.com/2005/06/07/business/07data.html?pagewanted=all&_moc.semityn.www,,,,Citigroup,Lost / stolen device or media,3900000,Financial,NY Times,Blame the messenger! A box of computer tapes containing information on 3.9 million customers was lost by United Parcel Service (UPS) while in transit to a credit reporting agency.,2005
http://www.nbcnews.com/id/7561268/,,,Online broker,Ameritrade Inc.,Lost / stolen device or media,200000,Financial,NBC,Computer backup tape containing personal information was lost.,2005
http://abcnews.go.com/Technology/story?id=2160425&page=1#.UFcROxgUwaA,,,"Business outsourcing, payrolls, benefits",Automatic Data Processing,Poor security,125000,Financial,ABC,,2005
http://money.cnn.com/2004/06/23/technology/aol_spam/,http://www.msnbc.msn.com/id/8985989/#.UFcN8RgUwaA,,American Online,AOL,Inside job,92000000,Web,CNN,A former America Online software engineer stole 92 million screen names and e-mail addresses and sold them to spammers who sent out up to 7 billion unsolicited e-mails.,2004
